{
    "model_path": "bb_level1_twolayer_normal",
    "datatype": "bouncingballs",
    "dataset": "BOUNCINGBALLS",
    "scenario": "twolayer",
    "num_updates": 0,
    "max_epochs": 1000,
    "max_updates": 400000, 
    "blackout": {
      "blackout_start_timestep": 10,
      "blackout_rate": 0.2,
      "blackout_rate_max": 0.2,
      "blackout_increase_every": 200000,
      "blackout_increase_rate": 0.001
    },
    "learning_rate": {
      "lr": 0.0001,
      "deacrease_lr_every": 200000,
      "deacrease_lr_factor": 0.75
    },
    "phases": {
       "start_inner_loop": 60000,
       "shufleslots_end": 30000,
       "entity_pretraining_phase2_end": 50000,
       "entity_pretraining_phase1_end": 30000,
       "background_pretraining_end": 0
    },
    "defaults": {
       "num_workers": 1,
       "prefetch_factor": 2,
       "statistics_offset": 10,
       "load_optimizers": false,
       "teacher_forcing": 14,
       "skip_frames": 1,
       "error_dropout": 0.1
    },
    "bptt": {
       "bptt_start_timestep": 0,
       "bptt_steps": 1,
       "bptt_steps_max": 4,
       "increase_bptt_steps_every": 200000
    },
    "model": {
     "level": 2,
     "batch_size": 128,
     "num_objects": 6,
     "img_channels": 3,
     "input_size": [
      64,
      64
     ],
     "latent_size": [
      4,
      4
     ],
     "gestalt_size": 2,
     "bottleneck": "binar",
     "position_regularizer": 0.01,
     "time_regularizer": 0.1,
     "encoder_regularizer": 0.333333,
     "latent_regularizer": 0.1,
     "inner_loop_enabled": false,
     "latent_loss_enabled": false,
     "encoder": {
      "channels": 24,
      "level1_channels": 12,
      "num_layers": 2,
      "reg_lambda": 1e-10
     },
     "predictor": {
      "heads": 2,
      "layers": 2,
      "channels_multiplier": 2,
      "reg_lambda": 1e-10,
      "transformer_type": "shared"
     },
     "decoder": {
      "channels": 24,
      "level1_channels": 12,
      "num_layers": 2
     },
     "update_module": {
      "reg_lambda": 0.0001
     }
    }
   }