{
   "model_path": "bb_level1_twolayer_normal",
   "datatype": "bouncingballs",
   "dataset": "BOUNCINGBALLS",
   "scenario": "twolayer",
   "num_updates": 400000,
   "max_epochs": 1000,
   "max_updates": 800000,
   "learning_rate": {
      "lr": 0.00005,
      "deacrease_lr_every": 200000,
      "deacrease_lr_factor": 0.5
   },
   "phases": {
      "start_inner_loop": 60000,
      "shufleslots_end": 30000,
      "entity_pretraining_phase2_end": 50000,
      "entity_pretraining_phase1_end": 30000,
      "background_pretraining_end": 0
   },
   "defaults": {
      "num_workers": 1,
      "prefetch_factor": 2,
      "statistics_offset": 10,
      "load_optimizers": false,
      "teacher_forcing": 14,
      "skip_frames": 1,
      "error_dropout": 0.1
   },
   "bptt": {
      "bptt_start_timestep": 0,
      "bptt_steps": 3,
      "bptt_steps_max": 4,
      "increase_bptt_steps_every": 200000
   },
   "model": {
    "level": 2,
    "batch_size": 64,
    "num_objects": 6,
    "img_channels": 3,
    "input_size": [
     64,
     64
    ],
    "latent_size": [
     4,
     4
    ],
    "gestalt_size": 96,
    "bottleneck": "binar",
    "position_regularizer": 0.01,
    "time_regularizer": 0.1,
    "encoder_regularizer": 0.333333,
    "latent_regularizer": 0.1,
    "inner_loop_enabled": true,
    "latent_loss_enabled": false,
    "encoder": {
     "channels": 48,
     "level1_channels": 24,
     "num_layers": 3,
     "reg_lambda": 1e-10
    },
    "predictor": {
     "heads": 2,
     "layers": 2,
     "channels_multiplier": 2,
     "reg_lambda": 1e-10,
     "transformer_type": "standard"
    },
    "decoder": {
     "channels": 48,
     "level1_channels": 24,
     "num_layers": 5
    },
    "background": {
     "learning_rate": 0.0001,
     "learning_rate_old": 0.0001,
     "num_layers": 1,
     "latent_channels": 48,
     "level1_channels": 24,
     "gestalt_size": 8,
     "flow": false
    },
    "update_module": {
     "reg_lambda": 0.0001
    }
   }
  }